Ranking,movieName,director,rating,imageURL
1,肖申克的救赎,"
                            导演: 弗兰克·德拉邦特 Frank Darabont   主演: 蒂姆·罗宾斯 Tim Robbins /...",9.7,https://movie.douban.com/subject/1292052/
2,霸王别姬,"
                            导演: 陈凯歌 Kaige Chen   主演: 张国荣 Leslie Cheung / 张丰毅 Fengyi Zha...",9.6,https://movie.douban.com/subject/1291546/
3,阿甘正传,"
                            导演: 罗伯特·泽米吉斯 Robert Zemeckis   主演: 汤姆·汉克斯 Tom Hanks / ...",9.5,https://movie.douban.com/subject/1292720/
4,这个杀手不太冷,"
                            导演: 吕克·贝松 Luc Besson   主演: 让·雷诺 Jean Reno / 娜塔莉·波特曼 ...",9.4,https://movie.douban.com/subject/1295644/
5,泰坦尼克号,"
                            导演: 詹姆斯·卡梅隆 James Cameron   主演: 莱昂纳多·迪卡普里奥 Leonardo...",9.4,https://movie.douban.com/subject/1292722/
6,美丽人生,"
                            导演: 罗伯托·贝尼尼 Roberto Benigni   主演: 罗伯托·贝尼尼 Roberto Beni...",9.5,https://movie.douban.com/subject/1292063/
7,千与千寻,"
                            导演: 宫崎骏 Hayao Miyazaki   主演: 柊瑠美 Rumi Hîragi / 入野自由 Miy...",9.4,https://movie.douban.com/subject/1291561/
8,辛德勒的名单,"
                            导演: 史蒂文·斯皮尔伯格 Steven Spielberg   主演: 连姆·尼森 Liam Neeson...",9.5,https://movie.douban.com/subject/1295124/
9,盗梦空间,"
                            导演: 克里斯托弗·诺兰 Christopher Nolan   主演: 莱昂纳多·迪卡普里奥 Le...",9.3,https://movie.douban.com/subject/3541415/
10,忠犬八公的故事,"
                            导演: 莱塞·霍尔斯道姆 Lasse Hallström   主演: 理查·基尔 Richard Ger...",9.4,https://movie.douban.com/subject/3011091/
11,星际穿越,"
                            导演: 克里斯托弗·诺兰 Christopher Nolan   主演: 马修·麦康纳 Matthew Mc...",9.3,https://movie.douban.com/subject/1889243/
12,楚门的世界,"
                            导演: 彼得·威尔 Peter Weir   主演: 金·凯瑞 Jim Carrey / 劳拉·琳妮 Lau...",9.3,https://movie.douban.com/subject/1292064/
13,海上钢琴师,"
                            导演: 朱塞佩·托纳多雷 Giuseppe Tornatore   主演: 蒂姆·罗斯 Tim Roth / ...",9.3,https://movie.douban.com/subject/1292001/
14,三傻大闹宝莱坞,"
                            导演: 拉库马·希拉尼 Rajkumar Hirani   主演: 阿米尔·汗 Aamir Khan / 卡...",9.2,https://movie.douban.com/subject/3793023/
15,机器人总动员,"
                            导演: 安德鲁·斯坦顿 Andrew Stanton   主演: 本·贝尔特 Ben Burtt / 艾丽...",9.3,https://movie.douban.com/subject/2131459/
16,放牛班的春天,"
                            导演: 克里斯托夫·巴拉蒂 Christophe Barratier   主演: 热拉尔·朱尼奥 Gé...",9.3,https://movie.douban.com/subject/1291549/
17,大话西游之大圣娶亲,"
                            导演: 刘镇伟 Jeffrey Lau   主演: 周星驰 Stephen Chow / 吴孟达 Man Tat Ng...",9.2,https://movie.douban.com/subject/1292213/
18,疯狂动物城,"
                            导演: 拜伦·霍华德 Byron Howard / 瑞奇·摩尔 Rich Moore   主演: 金妮弗·...",9.2,https://movie.douban.com/subject/25662329/
19,无间道,"
                            导演: 刘伟强 / 麦兆辉   主演: 刘德华 / 梁朝伟 / 黄秋生",9.2,https://movie.douban.com/subject/1307914/
20,熔炉,"
                            导演: 黄东赫 Dong-hyuk Hwang   主演: 孔侑 Yoo Gong / 郑有美 Yu-mi Jung /...",9.3,https://movie.douban.com/subject/5912992/
21,教父,"
                            导演: 弗朗西斯·福特·科波拉 Francis Ford Coppola   主演: 马龙·白兰度 M...",9.3,https://movie.douban.com/subject/1291841/
22,当幸福来敲门,"
                            导演: 加布里尔·穆奇诺 Gabriele Muccino   主演: 威尔·史密斯 Will Smith ...",9.1,https://movie.douban.com/subject/1849031/
23,龙猫,"
                            导演: 宫崎骏 Hayao Miyazaki   主演: 日高法子 Noriko Hidaka / 坂本千夏 Ch...",9.2,https://movie.douban.com/subject/1291560/
24,怦然心动,"
                            导演: 罗伯·莱纳 Rob Reiner   主演: 玛德琳·卡罗尔 Madeline Carroll / 卡...",9.1,https://movie.douban.com/subject/3319755/
25,控方证人,"
                            导演: 比利·怀尔德 Billy Wilder   主演: 泰隆·鲍华 Tyrone Power / 玛琳·...",9.6,https://movie.douban.com/subject/1296141/
26,触不可及,"
                            导演: 奥利维·那卡什 Olivier Nakache / 艾力克·托兰达 Eric Toledano   主...",9.3,https://movie.douban.com/subject/6786002/
27,蝙蝠侠：黑暗骑士,"
                            导演: 克里斯托弗·诺兰 Christopher Nolan   主演: 克里斯蒂安·贝尔 Christ...",9.2,https://movie.douban.com/subject/1851857/
28,末代皇帝,"
                            导演: 贝纳尔多·贝托鲁奇 Bernardo Bertolucci   主演: 尊龙 John Lone / 陈...",9.3,https://movie.douban.com/subject/1293172/
29,寻梦环游记,"
                            导演: 李·昂克里奇 Lee Unkrich / 阿德里安·莫利纳 Adrian Molina   主演: ...",9.1,https://movie.douban.com/subject/20495023/
30,活着,"
                            导演: 张艺谋 Yimou Zhang   主演: 葛优 You Ge / 巩俐 Li Gong / 姜武 Wu Jiang",9.3,https://movie.douban.com/subject/1292365/
31,何以为家,"
                            导演: 娜丁·拉巴基 Nadine Labaki   主演: 扎因·拉费阿 Zain al-Rafeea / ...",9.1,https://movie.douban.com/subject/30170448/
32,乱世佳人,"
                            导演: 维克多·弗莱明 Victor Fleming / 乔治·库克 George Cukor   主演: 费...",9.3,https://movie.douban.com/subject/1300267/
33,哈利·波特与魔法石,"
                            导演: Chris Columbus   主演: Daniel Radcliffe / Emma Watson / Rupert Grint",9.1,https://movie.douban.com/subject/1295038/
34,指环王3：王者无敌,"
                            导演: 彼得·杰克逊 Peter Jackson   主演: 伊利亚·伍德 Elijah Wood / 西恩...",9.2,https://movie.douban.com/subject/1291552/
35,飞屋环游记,"
                            导演: 彼特·道格特 Pete Docter / 鲍勃·彼德森 Bob Peterson   主演: 爱德...",9.0,https://movie.douban.com/subject/2129039/
36,摔跤吧！爸爸,"
                            导演: 涅提·蒂瓦里 Nitesh Tiwari   主演: 阿米尔·汗 Aamir Khan / 法缇玛...",9.0,https://movie.douban.com/subject/26387939/
37,素媛,"
                            导演: 李濬益 Jun-ik Lee   主演: 薛景求 Kyung-gu Sol / 严志媛 Ji-won Uhm ...",9.3,https://movie.douban.com/subject/21937452/
38,少年派的奇幻漂流,"
                            导演: 李安 Ang Lee   主演: 苏拉·沙玛 Suraj Sharma / 伊尔凡·可汗 Irrfan...",9.1,https://movie.douban.com/subject/1929463/
39,十二怒汉,"
                            导演: Sidney Lumet   主演: 亨利·方达 Henry Fonda / 马丁·鲍尔萨姆 Marti...",9.4,https://movie.douban.com/subject/1293182/
40,哈尔的移动城堡,"
                            导演: 宫崎骏 Hayao Miyazaki   主演: 倍赏千惠子 Chieko Baishô / 木村拓...",9.1,https://movie.douban.com/subject/1308807/
41,鬼子来了,"
                            导演: 姜文 Wen Jiang   主演: 姜文 Wen Jiang / 香川照之 Teruyuki Kagawa /...",9.3,https://movie.douban.com/subject/1291858/
42,我不是药神,"
                            导演: 文牧野 Muye Wen   主演: 徐峥 Zheng Xu / 王传君 Chuanjun Wang / 周...",9.0,https://movie.douban.com/subject/26752088/
43,大话西游之月光宝盒,"
                            导演: 刘镇伟 Jeffrey Lau   主演: 周星驰 Stephen Chow / 吴孟达 Man Tat Ng...",9.0,https://movie.douban.com/subject/1299398/
44,天空之城,"
                            导演: 宫崎骏 Hayao Miyazaki   主演: 田中真弓 Mayumi Tanaka / 横泽启子 Ke...",9.1,https://movie.douban.com/subject/1291583/
45,罗马假日,"
                            导演: 威廉·惠勒 William Wyler   主演: 奥黛丽·赫本 Audrey Hepburn / 格...",9.0,https://movie.douban.com/subject/1293839/
46,闻香识女人,"
                            导演: 马丁·布莱斯 Martin Brest   主演: 阿尔·帕西诺 Al Pacino / 克里斯...",9.1,https://movie.douban.com/subject/1298624/
47,辩护人,"
                            导演: 杨宇硕 Woo-seok Yang   主演: 宋康昊 Kang-ho Song / 金英爱 Yeong-ae...",9.2,https://movie.douban.com/subject/21937445/
48,天堂电影院,"
                            导演: 朱塞佩·托纳多雷 Giuseppe Tornatore   主演: 菲利普·努瓦雷 Philipp...",9.2,https://movie.douban.com/subject/1291828/
49,猫鼠游戏,"
                            导演: 史蒂文·斯皮尔伯格 Steven Spielberg   主演: 莱昂纳多·迪卡普里奥 L...",9.0,https://movie.douban.com/subject/1305487/
50,大闹天宫,"
                            导演: 万籁鸣 Laiming Wan / 唐澄 Cheng  Tang   主演: 邱岳峰 Yuefeng Qiu /...",9.4,https://movie.douban.com/subject/1418019/
51,钢琴家,"
                            导演: 罗曼·波兰斯基 Roman Polanski   主演: 艾德里安·布洛迪 Adrien Brod...",9.2,https://movie.douban.com/subject/1296736/
52,指环王2：双塔奇兵,"
                            导演: 彼得·杰克逊 Peter Jackson   主演: 伊利亚·伍德 Elijah Wood / 西恩...",9.1,https://movie.douban.com/subject/1291572/
53,教父2,"
                            导演: 弗朗西斯·福特·科波拉 Francis Ford Coppola   主演: 阿尔·帕西诺 A...",9.2,https://movie.douban.com/subject/1299131/
54,狮子王,"
                            导演: Roger Allers / 罗伯·明可夫 Rob Minkoff   主演: 乔纳森·泰勒·托马...",9.1,https://movie.douban.com/subject/1301753/
55,搏击俱乐部,"
                            导演: 大卫·芬奇 David Fincher   主演: 爱德华·诺顿 Edward Norton / 布拉...",9.0,https://movie.douban.com/subject/1292000/
56,死亡诗社,"
                            导演: 彼得·威尔 Peter Weir   主演: 罗宾·威廉姆斯 Robin Williams / 罗伯...",9.1,https://movie.douban.com/subject/1291548/
57,黑客帝国,"
                            导演: 安迪·沃卓斯基 Andy Wachowski / 拉娜·沃卓斯基 Lana Wachowski   主...",9.0,https://movie.douban.com/subject/1291843/
58,指环王1：护戒使者,"
                            导演: 彼得·杰克逊 Peter Jackson   主演: 伊利亚·伍德 Elijah Wood / 西恩...",9.0,https://movie.douban.com/subject/1291571/
59,让子弹飞,"
                            导演: 姜文 Wen Jiang   主演: 姜文 Wen Jiang / 葛优 You Ge / 周润发 Yun-F...",8.9,https://movie.douban.com/subject/3742360/
60,绿皮书,"
                            导演: 彼得·法雷里 Peter Farrelly   主演: 维果·莫腾森 Viggo Mortensen /...",8.9,https://movie.douban.com/subject/27060077/
61,饮食男女,"
                            导演: 李安 Ang Lee   主演: 郎雄 Sihung Lung / 杨贵媚 Kuei-Mei Yang / 吴...",9.1,https://movie.douban.com/subject/1291818/
62,美丽心灵,"
                            导演: 朗·霍华德 Ron Howard   主演: 罗素·克劳 Russell Crowe / 艾德·哈...",9.0,https://movie.douban.com/subject/1306029/
63,窃听风暴,"
                            导演: 弗洛里安·亨克尔·冯·多纳斯马尔克 Florian Henckel von Donnersmarck  &n...",9.2,https://movie.douban.com/subject/1900841/
64,海蒂和爷爷,"
                            导演: 阿兰·葛斯彭纳 Alain Gsponer   主演: 阿努克·斯特芬 Anuk Steffen /...",9.2,https://movie.douban.com/subject/25958717/
65,两杆大烟枪,"
                            导演: Guy Ritchie   主演: Jason Flemyng / Dexter Fletcher / Nick Moran",9.1,https://movie.douban.com/subject/1293350/
66,本杰明·巴顿奇事,"
                            导演: 大卫·芬奇 David Fincher   主演: 凯特·布兰切特 Cate Blanchett / ...",8.9,https://movie.douban.com/subject/1485260/
67,看不见的客人,"
                            导演: 奥里奥尔·保罗 Oriol Paulo   主演: 马里奥·卡萨斯 Mario Casas / 阿...",8.8,https://movie.douban.com/subject/26580232/
68,飞越疯人院,"
                            导演: 米洛斯·福尔曼 Miloš Forman   主演: 杰克·尼科尔森 Jack Nichols...",9.1,https://movie.douban.com/subject/1292224/
69,西西里的美丽传说,"
                            导演: 朱塞佩·托纳多雷 Giuseppe Tornatore   主演: 莫妮卡·贝鲁奇 Monica ...",8.9,https://movie.douban.com/subject/1292402/
70,穿条纹睡衣的男孩,"
                            导演: 马克·赫尔曼 Mark Herman   主演: 阿萨·巴特菲尔德 Asa Butterfield ...",9.1,https://movie.douban.com/subject/3008247/
71,拯救大兵瑞恩,"
                            导演: 史蒂文·斯皮尔伯格 Steven Spielberg   主演: 汤姆·汉克斯 Tom Hanks...",9.0,https://movie.douban.com/subject/1292849/
72,小鞋子,"
                            导演: 马基德·马基迪 Majid Majidi   主演: 法拉赫阿米尔·哈什米安 Amir Fa...",9.2,https://movie.douban.com/subject/1303021/
73,音乐之声,"
                            导演: 罗伯特·怀斯 Robert Wise   主演: 朱莉·安德鲁斯 Julie Andrews / 克...",9.1,https://movie.douban.com/subject/1294408/
74,情书,"
                            导演: 岩井俊二 Shunji Iwai   主演: 中山美穗 Miho Nakayama / 丰川悦司 Ets...",8.9,https://movie.douban.com/subject/1292220/
75,海豚湾,"
                            导演: 路易·西霍尤斯 Louie Psihoyos   主演: Richard O'Barry / 路易·西霍...",9.3,https://movie.douban.com/subject/3442220/
76,阿凡达,"
                            导演: 詹姆斯·卡梅隆 James Cameron   主演: 萨姆·沃辛顿 Sam Worthington ...",8.8,https://movie.douban.com/subject/1652587/
77,致命魔术,"
                            导演: 克里斯托弗·诺兰 Christopher Nolan   主演: 休·杰克曼 Hugh Jackman...",8.9,https://movie.douban.com/subject/1780330/
78,美国往事,"
                            导演: 赛尔乔·莱翁内 Sergio Leone   主演: 罗伯特·德尼罗 Robert De Niro ...",9.2,https://movie.douban.com/subject/1292262/
79,沉默的羔羊,"
                            导演: 乔纳森·戴米 Jonathan Demme   主演: 朱迪·福斯特 Jodie Foster / 安...",8.9,https://movie.douban.com/subject/1293544/
80,禁闭岛,"
                            导演: Martin Scorsese   主演: 莱昂纳多·迪卡普里奥 Leonardo DiCaprio / ...",8.8,https://movie.douban.com/subject/2334904/
81,低俗小说,"
                            导演: 昆汀·塔伦蒂诺 Quentin Tarantino   主演: 约翰·特拉沃尔塔 John Tra...",8.9,https://movie.douban.com/subject/1291832/
82,蝴蝶效应,"
                            导演: 埃里克·布雷斯 Eric Bress / J·麦基·格鲁伯 J. Mackye Gruber   主...",8.8,https://movie.douban.com/subject/1292343/
83,心灵捕手,"
                            导演: 格斯·范·桑特 Gus Van Sant   主演: 马特·达蒙 Matt Damon / 罗宾·...",8.9,https://movie.douban.com/subject/1292656/
84,布达佩斯大饭店,"
                            导演: 韦斯·安德森 Wes Anderson   主演: 拉尔夫·费因斯 Ralph Fiennes / ...",8.9,https://movie.douban.com/subject/11525673/
85,七宗罪,"
                            导演: 大卫·芬奇 David Fincher   主演: 摩根·弗里曼 Morgan Freeman / 布...",8.8,https://movie.douban.com/subject/1292223/
86,春光乍泄,"
                            导演: 王家卫 Kar Wai Wong   主演: 张国荣 Leslie Cheung / 梁朝伟 Tony Leu...",8.9,https://movie.douban.com/subject/1292679/
87,哈利·波特与死亡圣器(下),"
                            导演: 大卫·叶茨 David Yates   主演: 丹尼尔·雷德克里夫 Daniel Radcliffe...",8.9,https://movie.douban.com/subject/3011235/
88,摩登时代,"
                            导演: 查理·卓别林 Charles Chaplin   主演: 查理·卓别林 Charles Chaplin ...",9.3,https://movie.douban.com/subject/1294371/
89,被嫌弃的松子的一生,"
                            导演: 中岛哲也 Tetsuya Nakashima   主演: 中谷美纪 Miki Nakatani / 瑛太 E...",8.9,https://movie.douban.com/subject/1787291/
90,喜剧之王,"
                            导演: 周星驰 Stephen Chow / 李力持 Lik-Chi Lee   主演: 周星驰 Stephen Ch...",8.8,https://movie.douban.com/subject/1302425/
91,致命ID,"
                            导演: 詹姆斯·曼高德 James Mangold   主演: 约翰·库萨克 John Cusack / 雷...",8.8,https://movie.douban.com/subject/1297192/
92,杀人回忆,"
                            导演: 奉俊昊 Joon-ho Bong   主演: 宋康昊 Kang-ho Song / 金相庆 Sang-kyun...",8.9,https://movie.douban.com/subject/1300299/
93,剪刀手爱德华,"
                            导演: 蒂姆·波顿 Tim Burton   主演: 约翰尼·德普 Johnny Depp / 薇诺娜·...",8.7,https://movie.douban.com/subject/1292370/
94,加勒比海盗,"
                            导演: 戈尔·维宾斯基 Gore Verbinski   主演: 约翰尼·德普 Johnny Depp / ...",8.8,https://movie.douban.com/subject/1298070/
95,勇敢的心,"
                            导演: 梅尔·吉布森 Mel Gibson   主演: 梅尔·吉布森 Mel Gibson / 苏菲·玛...",8.9,https://movie.douban.com/subject/1294639/
96,狩猎,"
                            导演: 托马斯·温特伯格 Thomas Vinterberg   主演: 麦斯·米科尔森 Mads Mik...",9.1,https://movie.douban.com/subject/6985810/
97,请以你的名字呼唤我,"
                            导演: 卢卡·瓜达尼诺 Luca Guadagnino   主演: 艾米·汉莫 Armie Hammer / ...",8.9,https://movie.douban.com/subject/26799731/
98,红辣椒,"
                            导演: 今敏 Satoshi Kon   主演: 林原惠美 Megumi Hayashibara / 江守彻 Toru...",9.0,https://movie.douban.com/subject/1865703/
99,断背山,"
                            导演: 李安 Ang Lee   主演: 希斯·莱杰 Heath Ledger / 杰克·吉伦哈尔 Jake...",8.8,https://movie.douban.com/subject/1418834/
100,天使爱美丽,"
                            导演: 让-皮埃尔·热内 Jean-Pierre Jeunet   主演: 奥黛丽·塔图 Audrey Tau...",8.7,https://movie.douban.com/subject/1292215/
101,7号房的礼物,"
                            导演: 李焕庆 Hwan-kyeong Lee   主演: 柳承龙 Seung-yong Ryoo / 朴信惠 Shi...",8.9,https://movie.douban.com/subject/10777687/
102,幽灵公主,"
                            导演: 宫崎骏 Hayao Miyazaki   主演: 松田洋治 Yôji Matsuda / 石田百合...",8.9,https://movie.douban.com/subject/1297359/
103,小森林 夏秋篇,"
                            导演: 森淳一 Junichi Mori   主演: 桥本爱 Ai Hashimoto / 三浦贵大 Takahir...",9.0,https://movie.douban.com/subject/25814705/
104,第六感,"
                            导演: M·奈特·沙马兰 M. Night Shyamalan   主演: 布鲁斯·威利斯 Bruce Wi...",8.9,https://movie.douban.com/subject/1297630/
105,阳光灿烂的日子,"
                            导演: 姜文 Wen Jiang   主演: 夏雨 Yu Xia / 宁静 Jing Ning / 陶虹 Hong Tao",8.8,https://movie.douban.com/subject/1291875/
106,重庆森林,"
                            导演: 王家卫 Kar Wai Wong   主演: 林青霞 Brigitte Lin / 金城武 Takeshi K...",8.8,https://movie.douban.com/subject/1291999/
107,唐伯虎点秋香,"
                            导演: 李力持 Lik-Chi Lee   主演: 周星驰 Stephen Chow / 巩俐 Li Gong / 陈...",8.7,https://movie.douban.com/subject/1306249/
108,超脱,"
                            导演: 托尼·凯耶 Tony Kaye   主演: 艾德里安·布洛迪 Adrien Brody / 马西...",8.9,https://movie.douban.com/subject/5322596/
109,功夫,"
                            导演: 周星驰 Stephen Chow   主演: 周星驰 Stephen Chow / 元秋 Qiu Yuen / ...",8.7,https://movie.douban.com/subject/1291543/
110,爱在黎明破晓前,"
                            导演: 理查德·林克莱特 Richard Linklater   主演: 伊桑·霍克 Ethan Hawke ...",8.8,https://movie.douban.com/subject/1296339/
111,小森林 冬春篇,"
                            导演: 森淳一 Junichi Mori   主演: 桥本爱 Ai Hashimoto / 三浦贵大 Takahir...",9.0,https://movie.douban.com/subject/25814707/
112,入殓师,"
                            导演: 泷田洋二郎 Yôjirô Takita   主演: 本木雅弘 Masahiro Motoki / ...",8.9,https://movie.douban.com/subject/2149806/
113,一一,"
                            导演: 杨德昌 Edward Yang   主演: 吴念真 / 李凯莉 Kelly Lee / 金燕玲 Elai...",9.1,https://movie.douban.com/subject/1292434/
114,蝙蝠侠：黑暗骑士崛起,"
                            导演: 克里斯托弗·诺兰 Christopher Nolan   主演: 克里斯蒂安·贝尔 Christ...",8.8,https://movie.douban.com/subject/3395373/
115,消失的爱人,"
                            导演: 大卫·芬奇 David Fincher   主演: 本·阿弗莱克 Ben Affleck / 罗莎蒙...",8.7,https://movie.douban.com/subject/21318488/
116,人生果实,"
                            导演: 伏原健之 Kenshi Fushihara   主演: 津端修一 Shûichi Tsubata / 津...",9.5,https://movie.douban.com/subject/26874505/
117,菊次郎的夏天,"
                            导演: 北野武 Takeshi Kitano   主演: 北野武 Takeshi Kitano / 关口雄介 Yus...",8.8,https://movie.douban.com/subject/1293359/
118,无人知晓,"
                            导演: 是枝裕和 Hirokazu Koreeda   主演: 柳乐优弥 Yûya Yagira / 北浦爱...",9.1,https://movie.douban.com/subject/1292337/
119,倩女幽魂,"
                            导演: 程小东 Siu-Tung Ching   主演: 张国荣 Leslie Cheung / 王祖贤 Joey W...",8.7,https://movie.douban.com/subject/1297447/
120,超能陆战队,"
                            导演: 唐·霍尔 Don Hall / 克里斯·威廉姆斯 Chris Williams   主演: 斯科特...",8.7,https://movie.douban.com/subject/11026735/
121,侧耳倾听,"
                            导演: 近藤喜文 Yoshifumi Kondo   主演: 本名阳子 Youko Honna / 小林桂树 K...",8.9,https://movie.douban.com/subject/1297052/
122,哈利·波特与阿兹卡班的囚徒,"
                            导演: Alfonso Cuarón   主演: 丹尼尔·雷德克里夫 Daniel Radcliffe / Emma...",8.8,https://movie.douban.com/subject/1291544/
123,甜蜜蜜,"
                            导演: 陈可辛 Peter Chan   主演: 黎明 Leon Lai / 张曼玉 Maggie Cheung / ...",8.9,https://movie.douban.com/subject/1305164/
124,借东西的小人阿莉埃蒂,"
                            导演: 米林宏昌 Hiromasa Yonebayashi   主演: 志田未来 Mirai Shida / 神木...",8.8,https://movie.douban.com/subject/4202302/
125,完美的世界,"
                            导演: 克林特·伊斯特伍德 Clint Eastwood   主演: 凯文·科斯特纳 Kevin Cos...",9.1,https://movie.douban.com/subject/1300992/
126,萤火之森,"
                            导演: 大森贵弘 Takahiro Omori   主演: 佐仓绫音 Ayane Sakura / 内山昂辉 K...",8.9,https://movie.douban.com/subject/5989818/
127,爱在日落黄昏时,"
                            导演: 理查德·林克莱特 Richard Linklater   主演: 伊桑·霍克 Ethan Hawke ...",8.8,https://movie.douban.com/subject/1291990/
128,驯龙高手,"
                            导演: 迪恩·德布洛斯 Dean DeBlois / 克里斯·桑德斯 Chris Sanders   主演:...",8.7,https://movie.douban.com/subject/2353023/
129,玛丽和马克思,"
                            导演: 亚当·艾略特 Adam Elliot   主演: 托妮·科莱特 Toni Collette / 菲利...",8.9,https://movie.douban.com/subject/3072124/
130,幸福终点站,"
                            导演: 史蒂文·斯皮尔伯格 Steven Spielberg   主演: 汤姆·汉克斯 Tom Hanks...",8.8,https://movie.douban.com/subject/1292274/
131,告白,"
                            导演: 中岛哲也 Tetsuya Nakashima   主演: 松隆子 Takako Matsu / 冈田将生 ...",8.7,https://movie.douban.com/subject/4268598/
132,大鱼,"
                            导演: 蒂姆·波顿 Tim Burton   主演: 伊万·麦克格雷格 Ewan McGregor / 阿...",8.8,https://movie.douban.com/subject/1291545/
133,射雕英雄传之东成西就,"
                            导演: 刘镇伟 Jeffrey Lau   主演: 梁朝伟 Tony Leung Chiu Wai / 林青霞 Bri...",8.7,https://movie.douban.com/subject/1316510/
134,阳光姐妹淘,"
                            导演: 姜炯哲 Hyeong-Cheol Kang   主演: 沈恩京 Eun-kyung Shim / 闵孝琳 Hy...",8.8,https://movie.douban.com/subject/4917726/
135,天书奇谭,"
                            导演: 王树忱 Shuchen Wang / 钱运达 Yunda Qian   主演: 丁建华 Jianhua Din...",9.2,https://movie.douban.com/subject/1428581/
136,恐怖直播,"
                            导演: 金秉祐 Byeong-woo Kim   主演: 河正宇 Jung-woo Ha / 李璟荣 Kyeong-y...",8.7,https://movie.douban.com/subject/21360417/
137,怪兽电力公司,"
                            导演: 彼特·道格特 Pete Docter / 大卫·斯沃曼 David Silverman   主演: 约...",8.7,https://movie.douban.com/subject/1291579/
138,哈利·波特与密室,"
                            导演: Chris Columbus   主演: 丹尼尔·雷德克里夫 Daniel Radcliffe / 艾玛...",8.7,https://movie.douban.com/subject/1296996/
139,神偷奶爸,"
                            导演: 皮艾尔·柯芬 Pierre Coffin / 克里斯·雷纳德 Chris Renaud   主演: ...",8.6,https://movie.douban.com/subject/3287562/
140,时空恋旅人,"
                            导演: 理查德·柯蒂斯 Richard Curtis   主演: 多姆纳尔·格里森 Domhnall Gl...",8.8,https://movie.douban.com/subject/10577869/
141,玩具总动员3,"
                            导演: 李·昂克里奇 Lee Unkrich   主演: 汤姆·汉克斯 Tom Hanks / 蒂姆·艾...",8.9,https://movie.douban.com/subject/1858711/
142,傲慢与偏见,"
                            导演: 乔·怀特 Joe Wright   主演: 凯拉·奈特莉 Keira Knightley / 马修·...",8.7,https://movie.douban.com/subject/1418200/
143,教父3,"
                            导演: 弗朗西斯·福特·科波拉 Francis Ford Coppola   主演: 阿尔·帕西诺 A...",8.9,https://movie.douban.com/subject/1294240/
144,釜山行,"
                            导演: 延尚昊 Sang-ho Yeon   主演: 孔侑 Yoo Gong / 郑有美 Yu-mi Jung / 马...",8.6,https://movie.douban.com/subject/25986180/
145,血战钢锯岭,"
                            导演: 梅尔·吉布森 Mel Gibson   主演: 安德鲁·加菲尔德 Andrew Garfield /...",8.7,https://movie.douban.com/subject/26325320/
146,哪吒闹海,"
                            导演: 严定宪 Dingxian Yan / 王树忱 Shuchen Wang   主演: 梁正晖 Zhenghui ...",9.1,https://movie.douban.com/subject/1307315/
147,一个叫欧维的男人决定去死,"
                            导演: 汉内斯·赫尔姆 Hannes Holm   主演: 罗夫·拉斯加德 Rolf Lassgård...",8.9,https://movie.douban.com/subject/26628357/
148,被解救的姜戈,"
                            导演: 昆汀·塔伦蒂诺 Quentin Tarantino   主演: 杰米·福克斯 Jamie Foxx /...",8.8,https://movie.douban.com/subject/6307447/
149,七武士,"
                            导演: 黑泽明 Akira Kurosawa   主演: 三船敏郎 Toshirô Mifune / 志村乔 ...",9.3,https://movie.douban.com/subject/1295399/
150,喜宴,"
                            导演: 李安 Ang Lee   主演: 赵文瑄 Winston Chao / 郎雄 Sihung Lung / 归亚...",8.9,https://movie.douban.com/subject/1303037/
151,电锯惊魂,"
                            导演: 詹姆斯·温 James Wan   主演: 雷·沃纳尔 Leigh Whannell / 加利·艾...",8.7,https://movie.douban.com/subject/1417598/
152,头号玩家,"
                            导演: 史蒂文·斯皮尔伯格 Steven Spielberg   主演: 泰伊·谢里丹 Tye Sheri...",8.7,https://movie.douban.com/subject/4920389/
153,我是山姆,"
                            导演: 杰茜·尼尔森 Jessie Nelson   主演: Sean Penn / Dakota Fanning / Mi...",9.0,https://movie.douban.com/subject/1306861/
154,风之谷,"
                            导演: 宫崎骏 Hayao Miyazaki   主演: 岛本须美 Sumi Shimamoto / 松田洋治 Y...",8.9,https://movie.douban.com/subject/1291585/
155,未麻的部屋,"
                            导演: 今敏 Satoshi Kon   主演: 岩男润子 Junko Iwao / 松本梨香 Rica Matsu...",9.0,https://movie.douban.com/subject/1395091/
156,英雄本色,"
                            导演: 吴宇森 John Woo   主演: 周润发 Yun-Fat Chow / 狄龙 Lung Ti / 张国...",8.7,https://movie.douban.com/subject/1297574/
157,上帝之城,"
                            导演: 费尔南多·梅里尔斯 Fernando Meirelles / 卡迪亚·兰德 Kátia Lund  &nbsp...",9.0,https://movie.douban.com/subject/1292208/
158,疯狂原始人,"
                            导演: 科克·德·米科 Kirk De Micco / 克里斯·桑德斯 Chris Sanders   主演...",8.7,https://movie.douban.com/subject/1907966/
159,谍影重重3,"
                            导演: 保罗·格林格拉斯 Paul Greengrass   主演: 马特·达蒙 Matt Damon / ...",8.8,https://movie.douban.com/subject/1578507/
160,卢旺达饭店,"
                            导演: 特瑞·乔治 Terry George   主演: 唐·钱德尔 Don Cheadle / 苏菲·奥...",8.9,https://movie.douban.com/subject/1291822/
161,三块广告牌,"
                            导演: 马丁·麦克唐纳 Martin McDonagh   主演: 弗兰西斯·麦克多蒙德 France...",8.7,https://movie.douban.com/subject/26611804/
162,纵横四海,"
                            导演: 吴宇森 John Woo   主演: 周润发 Yun-Fat Chow / 张国荣 Leslie Cheung...",8.8,https://movie.douban.com/subject/1295409/
163,花样年华,"
                            导演: 王家卫 Kar Wai Wong   主演: 梁朝伟 Tony Leung Chiu Wai / 张曼玉 Ma...",8.7,https://movie.douban.com/subject/1291557/
164,新世界,"
                            导演: 朴勋政 Hoon-jung Park   主演: 李政宰 Jung-Jae Lee / 崔岷植 Min-sik...",8.9,https://movie.douban.com/subject/10437779/
165,模仿游戏,"
                            导演: 莫滕·泰杜姆 Morten Tyldum   主演: 本尼迪克特·康伯巴奇 Benedict C...",8.7,https://movie.douban.com/subject/10463953/
166,达拉斯买家俱乐部,"
                            导演: 让-马克·瓦雷 Jean-Marc Vallée   主演: 马修·麦康纳 Matthew McCon...",8.8,https://movie.douban.com/subject/1793929/
167,岁月神偷,"
                            导演: 罗启锐 Alex Law   主演: 吴君如 Sandra Ng / 任达华 Simon Yam / 钟绍...",8.7,https://movie.douban.com/subject/3792799/
168,黑客帝国3：矩阵革命,"
                            导演: Andy Wachowski / Larry Wachowski   主演: 基努·里维斯 Keanu Reeves...",8.8,https://movie.douban.com/subject/1302467/
169,心迷宫,"
                            导演: 忻钰坤 Yukun Xin   主演: 霍卫民 Weimin Huo / 王笑天 Xiaotian Wang ...",8.7,https://movie.douban.com/subject/25917973/
170,头脑特工队,"
                            导演: 彼特·道格特 Pete Docter / 罗纳尔多·德尔·卡门 Ronaldo Del Carmen  &nb...",8.7,https://movie.douban.com/subject/10533913/
171,记忆碎片,"
                            导演: 克里斯托弗·诺兰 Christopher Nolan   主演: 盖·皮尔斯 Guy Pearce /...",8.7,https://movie.douban.com/subject/1304447/
172,你的名字。,"
                            导演: 新海诚 Makoto Shinkai   主演: 神木隆之介 Ryûnosuke Kamiki / 上...",8.4,https://movie.douban.com/subject/26683290/
173,忠犬八公物语,"
                            导演: Seijirô Kôyama   主演: 山本圭 Kei Yamamoto / 井川比佐志 Hisa...",9.2,https://movie.douban.com/subject/1959195/
174,荒蛮故事,"
                            导演: 达米安·斯兹弗隆 Damián Szifron   主演: 达里奥·葛兰帝内提 Darío...",8.8,https://movie.douban.com/subject/24750126/
175,真爱至上,"
                            导演: 理查德·柯蒂斯 Richard Curtis   主演: 休·格兰特 Hugh Grant / 柯林...",8.6,https://movie.douban.com/subject/1292401/
176,海街日记,"
                            导演: 是枝裕和 Hirokazu Koreeda   主演: 绫濑遥 Haruka Ayase / 长泽雅美 M...",8.8,https://movie.douban.com/subject/25895901/
177,爆裂鼓手,"
                            导演: 达米恩·查泽雷 Damien Chazelle   主演: 迈尔斯·特勒 Miles Teller /...",8.7,https://movie.douban.com/subject/25773932/
178,贫民窟的百万富翁,"
                            导演: 丹尼·鲍尔 Danny Boyle / 洛芙琳·坦丹 Loveleen Tandan   主演: 戴夫...",8.6,https://movie.douban.com/subject/2209573/
179,东邪西毒,"
                            导演: 王家卫 Kar Wai Wong   主演: 张国荣 Leslie Cheung / 林青霞 Brigitte...",8.6,https://movie.douban.com/subject/1292328/
180,萤火虫之墓,"
                            导演: 高畑勋 Isao Takahata   主演: 辰己努 / 白石绫乃 / 志乃原良子",8.7,https://movie.douban.com/subject/1293318/
181,寄生虫,"
                            导演: 奉俊昊 Joon-ho Bong   主演: 宋康昊 Kang-ho Song / 李善均 Seon-gyun...",8.8,https://movie.douban.com/subject/27010768/
182,惊魂记,"
                            导演: 阿尔弗雷德·希区柯克 Alfred Hitchcock   主演: 安东尼·博金斯 Antho...",9.0,https://movie.douban.com/subject/1293181/
183,黑天鹅,"
                            导演: 达伦·阿罗诺夫斯基 Darren Aronofsky   主演: 娜塔莉·波特曼 Natalie...",8.6,https://movie.douban.com/subject/1978709/
184,哈利·波特与火焰杯,"
                            导演: 迈克·内威尔 Mike Newell   主演: 丹尼尔·雷德克里夫 Daniel Radclif...",8.6,https://movie.douban.com/subject/1309055/
185,无敌破坏王,"
                            导演: 瑞奇·莫尔 Rich Moore   主演: 约翰·C·赖利 John C. Reilly / 萨拉...",8.7,https://movie.douban.com/subject/6534248/
186,你看起来好像很好吃,"
                            导演: 藤森雅也 Masaya Fujimori   主演: 山口胜平 Kappei Yamaguchi / 爱河...",8.9,https://movie.douban.com/subject/4848115/
187,小偷家族,"
                            导演: 是枝裕和 Hirokazu Koreeda   主演: 中川雅也 Lily Franky / 安藤樱 Sa...",8.7,https://movie.douban.com/subject/27622447/
188,绿里奇迹,"
                            导演: Frank Darabont   主演: 汤姆·汉克斯 Tom Hanks / 大卫·摩斯 David M...",8.9,https://movie.douban.com/subject/1300374/
189,冰川时代,"
                            导演: 卡洛斯·沙尔丹哈 Carlos Saldanha / 克里斯·韦奇 Chris Wedge   主演...",8.6,https://movie.douban.com/subject/1291578/
190,爱在午夜降临前,"
                            导演: 理查德·林克莱特 Richard Linklater   主演: 伊桑·霍克 Ethan Hawke ...",8.8,https://movie.douban.com/subject/10808442/
191,雨人,"
                            导演: 巴瑞·莱文森 Barry Levinson   主演: 达斯汀·霍夫曼 Dustin Hoffman ...",8.7,https://movie.douban.com/subject/1291870/
192,恋恋笔记本,"
                            导演: 尼克·卡索维茨 Nick Cassavetes   主演: 瑞恩·高斯林 Ryan Gosling /...",8.5,https://movie.douban.com/subject/1309163/
193,疯狂的石头,"
                            导演: 宁浩 Hao Ning   主演: 郭涛 Tao Guo / 刘桦 Hua Liu / 连晋 Teddy Lin",8.5,https://movie.douban.com/subject/1862151/
194,九品芝麻官,"
                            导演: 王晶 Jing Wong   主演: 周星驰 Stephen Chow / 吴孟达 Man Tat Ng / ...",8.6,https://movie.douban.com/subject/1297518/
195,恐怖游轮,"
                            导演: 克里斯托弗·史密斯 Christopher Smith   主演: 梅利莎·乔治 Melissa ...",8.5,https://movie.douban.com/subject/3011051/
196,奇迹男孩,"
                            导演: 斯蒂芬·卓博斯基 Stephen Chbosky   主演: 雅各布·特伦布莱 Jacob Tr...",8.6,https://movie.douban.com/subject/26787574/
197,雨中曲,"
                            导演: 斯坦利·多南 Stanley Donen / 吉恩·凯利 Gene Kelly   主演: 吉恩·...",9.0,https://movie.douban.com/subject/1293460/
198,魔女宅急便,"
                            导演: 宫崎骏 Hayao Miyazaki   主演: 高山南 Minami Takayama / 佐久间玲 Re...",8.7,https://movie.douban.com/subject/1307811/
199,二十二,"
                            导演: 郭柯 Ke Guo   主演: ",8.7,https://movie.douban.com/subject/26430107/
200,虎口脱险,"
                            导演: 杰拉尔·乌里 Gérard Oury   主演: 路易·德·菲耐斯 Louis de Funès...",8.9,https://movie.douban.com/subject/1296909/
201,海边的曼彻斯特,"
                            导演: 肯尼斯·罗纳根 Kenneth Lonergan   主演: 卡西·阿弗莱克 Casey Affle...",8.6,https://movie.douban.com/subject/25980443/
202,人工智能,"
                            导演: 史蒂文·斯皮尔伯格 Steven Spielberg   主演: 海利·乔·奥斯蒙 Haley...",8.7,https://movie.douban.com/subject/1302827/
203,2001太空漫游,"
                            导演: 斯坦利·库布里克 Stanley Kubrick   主演: 凯尔·杜拉 Keir Dullea / ...",8.8,https://movie.douban.com/subject/1292226/
204,色，戒,"
                            导演: 李安 Ang Lee   主演: 梁朝伟 Tony Leung Chiu Wai / 汤唯 Wei Tang / ...",8.5,https://movie.douban.com/subject/1828115/
205,房间,"
                            导演: 伦尼·阿伯拉罕森 Lenny Abrahamson   主演: 布丽·拉尔森 Brie Larson...",8.8,https://movie.douban.com/subject/25724855/
206,城市之光,"
                            导演: Charles Chaplin   主演: 查理·卓别林 Charles Chaplin / 弗吉尼亚·...",9.3,https://movie.douban.com/subject/1293908/
207,可可西里,"
                            导演: 陆川 Chuan Lu   主演: 多布杰 Duobujie / 张磊 Lei Zhang / 亓亮 Qi L...",8.8,https://movie.douban.com/subject/1308857/
208,罗生门,"
                            导演: 黑泽明 Akira Kurosawa   主演: 三船敏郎 Toshirô Mifune / 京町子 ...",8.8,https://movie.douban.com/subject/1291879/
209,终结者2：审判日,"
                            导演: 詹姆斯·卡梅隆 James Cameron   主演: 阿诺·施瓦辛格 Arnold Schwarz...",8.7,https://movie.douban.com/subject/1291844/
210,初恋这件小事,"
                            导演: 普特鹏·普罗萨卡·那·萨克那卡林 Puttipong Promsaka Na Sakolnakorn / 华森·波克彭...",8.4,https://movie.douban.com/subject/4739952/
211,大佛普拉斯,"
                            导演: 黄信尧 Hsin-yao Huang   主演: 庄益增 Yizeng Zhuang / 陈竹昇 Chu-sh...",8.7,https://movie.douban.com/subject/27059130/
212,波西米亚狂想曲,"
                            导演: 布莱恩·辛格 Bryan Singer   主演: 拉米·马雷克 Rami Malek / 本·哈...",8.7,https://movie.douban.com/subject/5300054/
213,遗愿清单,"
                            导演: 罗伯·莱纳 Rob Reiner   主演: 杰克·尼科尔森 Jack Nicholson / 摩根...",8.7,https://movie.douban.com/subject/1867345/
214,魂断蓝桥,"
                            导演: 茂文·勒鲁瓦 Mervyn LeRoy   主演: 费雯·丽 Vivien Leigh / 罗伯特·...",8.8,https://movie.douban.com/subject/1293964/
215,牯岭街少年杀人事件,"
                            导演: 杨德昌 Edward Yang   主演: 张震 Chen Chang / 杨静怡 Lisa Yang / 张...",8.9,https://movie.douban.com/subject/1292329/
216,源代码,"
                            导演: 邓肯·琼斯 Duncan Jones   主演: 杰克·吉伦哈尔 Jake Gyllenhaal / ...",8.5,https://movie.douban.com/subject/3075287/
217,新龙门客栈,"
                            导演: 李惠民 Raymond Lee   主演: 张曼玉 Maggie Cheung / 林青霞 Brigitte ...",8.6,https://movie.douban.com/subject/1292287/
218,青蛇,"
                            导演: 徐克 Hark Tsui   主演: 张曼玉 Maggie Cheung / 王祖贤 Joey Wang / ...",8.6,https://movie.douban.com/subject/1303394/
219,疯狂的麦克斯4：狂暴之路,"
                            导演: 乔治·米勒 George Miller   主演: 汤姆·哈迪 Tom Hardy / 查理兹·塞...",8.6,https://movie.douban.com/subject/3592854/
220,无耻混蛋,"
                            导演: Quentin Tarantino   主演: 布拉德·皮特 Brad Pitt / 梅拉尼·罗兰 M...",8.6,https://movie.douban.com/subject/1438652/
221,血钻,"
                            导演: 爱德华·兹威克 Edward Zwick   主演: 莱昂纳多·迪卡普里奥 Leonardo ...",8.7,https://movie.douban.com/subject/1428175/
222,燃情岁月,"
                            导演: 爱德华·兹威克 Edward Zwick   主演: 布拉德·皮特 Brad Pitt / 安东...",8.8,https://movie.douban.com/subject/1295865/
223,步履不停,"
                            导演: 是枝裕和 Hirokazu Koreeda   主演: 阿部宽 Hiroshi Abe / 夏川结衣 Yu...",8.8,https://movie.douban.com/subject/2222996/
224,海洋,"
                            导演: 雅克·贝汉 Jacques Perrin / 雅克·克鲁奥德 Jacques Cluzaud   主演:...",9.1,https://movie.douban.com/subject/3443389/
225,穿越时空的少女,"
                            导演: 细田守 Mamoru Hosoda   主演: 仲里依纱 Riisa Naka / 石田卓也 Takuya...",8.6,https://movie.douban.com/subject/1937946/
226,谍影重重2,"
                            导演: 保罗·格林格拉斯 Paul Greengrass   主演: 马特·达蒙 Matt Damon / ...",8.7,https://movie.douban.com/subject/1308767/
227,彗星来的那一夜,"
                            导演: 詹姆斯·沃德·布柯特 James Ward Byrkit   主演: 艾米丽·芭尔多尼 Em...",8.5,https://movie.douban.com/subject/25807345/
228,东京教父,"
                            导演: 今敏 Satoshi Kon   主演: 江守彻 Toru Emori / 梅垣义明 Yoshiaki Ume...",9.0,https://movie.douban.com/subject/1310177/
229,阿飞正传,"
                            导演: 王家卫 Kar Wai Wong   主演: 张国荣 Leslie Cheung / 张曼玉 Maggie C...",8.5,https://movie.douban.com/subject/1305690/
230,战争之王,"
                            导演: 安德鲁·尼科尔 Andrew Niccol   主演: 尼古拉斯·凯奇 Nicolas Cage /...",8.7,https://movie.douban.com/subject/1419936/
231,地球上的星星,"
                            导演: 阿米尔·汗 Aamir Khan   主演: 达席尔·萨法瑞 Darsheel Safary / 阿...",8.9,https://movie.douban.com/subject/2363506/
232,完美陌生人,"
                            导演: 保罗·格诺维瑟 Paolo Genovese   主演: 马可·贾利尼 Marco Giallini ...",8.5,https://movie.douban.com/subject/26614893/
233,无间道2,"
                            导演: 刘伟强 / 麦兆辉   主演: 陈冠希 / 余文乐 / 曾志伟",8.6,https://movie.douban.com/subject/1307106/
234,谍影重重,"
                            导演: 道格·里曼 Doug Liman   主演: 马特·达蒙 Matt Damon / 弗兰卡·波坦...",8.6,https://movie.douban.com/subject/1304102/
235,香水,"
                            导演: 汤姆·提克威 Tom Tykwer   主演: 本·卫肖 Ben Whishaw / 艾伦·瑞克...",8.5,https://movie.douban.com/subject/1760622/
236,千钧一发,"
                            导演: 安德鲁·尼科尔 Andrew Niccol   主演: 伊桑·霍克 Ethan Hawke / 乌玛...",8.8,https://movie.douban.com/subject/1300117/
237,东京物语,"
                            导演: 小津安二郎 Yasujirô Ozu   主演: 笠智众 Chishû Ryû / 原节...",9.2,https://movie.douban.com/subject/1291568/
238,黑客帝国2：重装上阵,"
                            导演: Andy Wachowski / Larry Wachowski   主演: 基努·里维斯 Keanu Reeves...",8.6,https://movie.douban.com/subject/1304141/
239,崖上的波妞,"
                            导演: 宫崎骏 Hayao Miyazaki   主演: 奈良柚莉爱 Yuria Nara / 土井洋辉 Hir...",8.5,https://movie.douban.com/subject/1959877/
240,驴得水,"
                            导演: 周申 Shen Zhou / 刘露 Lu Liu   主演: 任素汐 Suxi Ren / 大力 Da Li ...",8.3,https://movie.douban.com/subject/25921812/
241,再次出发之纽约遇见你,"
                            导演: 约翰·卡尼 John Carney   主演: 凯拉·奈特莉 Keira Knightley / 马克...",8.6,https://movie.douban.com/subject/6874403/
242,朗读者,"
                            导演: 史蒂芬·戴德利 Stephen Daldry   主演: 凯特·温丝莱特 Kate Winslet ...",8.6,https://movie.douban.com/subject/2213597/
243,我爱你,"
                            导演: 秋昌民 Chang-min Choo   主演: 宋在河 Jae-ho Song / 李顺载 Soon-jae...",9.1,https://movie.douban.com/subject/5908478/
244,猜火车,"
                            导演: 丹尼·博伊尔 Danny Boyle   主演: 伊万·麦克格雷格 Ewan McGregor / ...",8.5,https://movie.douban.com/subject/1292528/
245,聚焦,"
                            导演: 托马斯·麦卡锡 Thomas McCarthy   主演: 马克·鲁弗洛 Mark Ruffalo /...",8.8,https://movie.douban.com/subject/25954475/
246,浪潮,"
                            导演: 丹尼斯·甘塞尔 Dennis Gansel   主演: 尤尔根·沃格尔 Jürgen Vogel ...",8.7,https://movie.douban.com/subject/2297265/
247,小萝莉的猴神大叔,"
                            导演: 卡比尔·汗 Kabir Khan   主演: 萨尔曼·汗 Salman Khan / 哈莎莉·马...",8.4,https://movie.douban.com/subject/26393561/
248,追随,"
                            导演: 克里斯托弗·诺兰 Christopher Nolan   主演: 杰里米·西奥伯德 Jeremy...",8.9,https://movie.douban.com/subject/1397546/
249,网络谜踪,"
                            导演: 阿尼什·查甘蒂 Aneesh Chaganty   主演: 约翰·赵 John Cho / 米切尔...",8.6,https://movie.douban.com/subject/27615441/
250,黑鹰坠落,"
                            导演: 雷德利·斯科特 Ridley Scott   主演: 乔什·哈奈特 Josh Hartnett / ...",8.7,https://movie.douban.com/subject/1291824/
